{
  "fx_vwap_dist_atr": {
    "mean": -1.8303985595703125,
    "std": 11.171661376953125,
    "min": -836.5404052734375,
    "max": 76.30339050292969
  },
  "fx_vwap_zscore": {
    "mean": -2.0224485397338867,
    "std": 13.232888221740723,
    "min": -395.6130676269531,
    "max": 96.16218566894531
  },
  "fx_vwap_above": {
    "mean": 0.47496095299720764,
    "std": 0.4993726313114166,
    "min": 0.0,
    "max": 1.0
  },
  "fx_vwap_weekly_dist_atr": {
    "mean": -0.36270812153816223,
    "std": 14.354037284851074,
    "min": -155.70932006835938,
    "max": 128.2504425048828
  },
  "fx_vwap_monthly_dist_atr": {
    "mean": 9.125032424926758,
    "std": 39.828887939453125,
    "min": -2269.083984375,
    "max": 364.7453308105469
  },
  "fx_vwap_cross": {
    "mean": 2.002002020162763e-06,
    "std": 0.22896817326545715,
    "min": -1.0,
    "max": 1.0
  },
  "fx_poc_dist_atr": {
    "mean": -1.972579002380371,
    "std": 12.636971473693848,
    "min": -973.9212036132812,
    "max": 88.18606567382812
  },
  "fx_vah_dist_atr": {
    "mean": 4.124566078186035,
    "std": 13.340265274047852,
    "min": -53.380306243896484,
    "max": 1222.6207275390625
  },
  "fx_val_dist_atr": {
    "mean": -0.34822842478752136,
    "std": 12.863526344299316,
    "min": -924.1812744140625,
    "max": 121.506103515625
  },
  "fx_value_area_pos": {
    "mean": -0.8973304033279419,
    "std": 5.916685581207275,
    "min": -48.02419662475586,
    "max": 37.45173645019531
  },
  "fx_value_area_width_atr": {
    "mean": 3.776337146759033,
    "std": 6.332824230194092,
    "min": 0.16458401083946228,
    "max": 970.3992309570312
  },
  "fx_adx": {
    "mean": 25.213401794433594,
    "std": 10.351849555969238,
    "min": 4.603830814361572,
    "max": 86.35986328125
  },
  "fx_plus_di": {
    "mean": 21.761062622070312,
    "std": 7.773951053619385,
    "min": 0.13673655688762665,
    "max": 81.09809875488281
  },
  "fx_minus_di": {
    "mean": 21.909557342529297,
    "std": 8.03288459777832,
    "min": 1.1390591859817505,
    "max": 99.50863647460938
  },
  "fx_di_cross": {
    "mean": 2.002002020162763e-06,
    "std": 0.29631367325782776,
    "min": -1.0,
    "max": 1.0
  },
  "fx_orb_break_up": {
    "mean": 0.4036216139793396,
    "std": 0.4906233251094818,
    "min": 0.0,
    "max": 1.0
  },
  "fx_orb_position": {
    "mean": 0.5711917281150818,
    "std": 3.2915873527526855,
    "min": -35.42119598388672,
    "max": 50.82090759277344
  },
  "fx_orb_range_atr": {
    "mean": 7.277533054351807,
    "std": 7.112241744995117,
    "min": 0.0,
    "max": 935.7573852539062
  },
  "fx_ema_9_dist_atr": {
    "mean": 0.017854904755949974,
    "std": 0.9226144552230835,
    "min": -10.91556453704834,
    "max": 8.718343734741211
  },
  "fx_ema_21_dist_atr": {
    "mean": 0.05149954557418823,
    "std": 1.4616143703460693,
    "min": -12.415361404418945,
    "max": 9.885045051574707
  },
  "fx_ema_50_dist_atr": {
    "mean": 0.14339995384216309,
    "std": 2.2947282791137695,
    "min": -18.693450927734375,
    "max": 12.142677307128906
  },
  "fx_ema_200_dist_atr": {
    "mean": 0.7720319032669067,
    "std": 5.8534626960754395,
    "min": -178.74803161621094,
    "max": 46.13482666015625
  },
  "fx_ema_fan": {
    "mean": 0.060464464128017426,
    "std": 0.7329754829406738,
    "min": -1.0,
    "max": 1.0
  },
  "fx_rsi_14": {
    "mean": 50.570369720458984,
    "std": 11.992241859436035,
    "min": 0.15012195706367493,
    "max": 94.91477966308594
  },
  "fx_rsi_divergence": {
    "mean": 0.04182957857847214,
    "std": 0.7421163320541382,
    "min": -0.9649946689605713,
    "max": 333.0317687988281
  },
  "fx_rsi_extreme": {
    "mean": 0.008676677010953426,
    "std": 0.30888867378234863,
    "min": -1.0,
    "max": 1.0
  },
  "fx_macd_hist_atr": {
    "mean": 0.0,
    "std": 0.0,
    "min": 0.0,
    "max": 0.0
  },
  "fx_macd_cross": {
    "mean": 0.0,
    "std": 0.0,
    "min": 0.0,
    "max": 0.0
  },
  "fx_bb_pctb": {
    "mean": 0.5118893980979919,
    "std": 0.33474692702293396,
    "min": -0.5897247195243835,
    "max": 1.5897247791290283
  },
  "fx_atr_14_50_ratio": {
    "mean": 0.9717310070991516,
    "std": 0.2688395380973816,
    "min": 0.024157682433724403,
    "max": 2.448394298553467
  },
  "fx_ict_trend": {
    "mean": 0.04622222110629082,
    "std": 0.9989310503005981,
    "min": -1.0,
    "max": 1.0
  },
  "fx_ict_choch_recent": {
    "mean": 0.061073072254657745,
    "std": 0.23946434259414673,
    "min": 0.0,
    "max": 1.0
  },
  "fx_ict_bos_momentum": {
    "mean": 0.3719419538974762,
    "std": 6.701878070831299,
    "min": -20.0,
    "max": 20.0
  },
  "fx_ict_bars_since_choch": {
    "mean": 0.5358313918113708,
    "std": 0.35218462347984314,
    "min": 0.0,
    "max": 1.0
  },
  "fx_ict_sweep_bull": {
    "mean": 0.021565565839409828,
    "std": 0.14526008069515228,
    "min": 0.0,
    "max": 1.0
  },
  "fx_ict_sweep_bear": {
    "mean": 0.02010210230946541,
    "std": 0.1403496265411377,
    "min": 0.0,
    "max": 1.0
  },
  "fx_ict_dist_to_liq_high": {
    "mean": 108844640.0,
    "std": 32493451264.0,
    "min": 0.0,
    "max": 16080800055296.0
  },
  "fx_ict_dist_to_liq_low": {
    "mean": 2.7160754203796387,
    "std": 2.9032604694366455,
    "min": 0.0,
    "max": 541.142333984375
  },
  "fx_ict_ob_bull_active": {
    "mean": 0.04021621495485306,
    "std": 0.19646596908569336,
    "min": 0.0,
    "max": 1.0
  },
  "fx_ict_ob_bear_active": {
    "mean": 0.04640640690922737,
    "std": 0.21036364138126373,
    "min": 0.0,
    "max": 1.0
  },
  "fx_ict_ob_in_ote": {
    "mean": 0.001697697676718235,
    "std": 0.04116813465952873,
    "min": 0.0,
    "max": 1.0
  },
  "fx_ict_fvg_bull_count": {
    "mean": 13.023799896240234,
    "std": 9.421934127807617,
    "min": 0.0,
    "max": 55.0
  },
  "fx_ict_fvg_nearest_dist": {
    "mean": 54077576.0,
    "std": 4505328128.0,
    "min": -31.819286346435547,
    "max": 498500009984.0
  },
  "fx_ict_fvg_ce_touch": {
    "mean": 0.17052051424980164,
    "std": 0.3760894238948822,
    "min": 0.0,
    "max": 1.0
  },
  "fx_ict_pd_position": {
    "mean": 0.5242030024528503,
    "std": 0.2977398633956909,
    "min": 0.0,
    "max": 1.0
  },
  "fx_ict_in_discount_bull": {
    "mean": 0.12918518483638763,
    "std": 0.33540475368499756,
    "min": 0.0,
    "max": 1.0
  },
  "fx_ict_in_ote_zone": {
    "mean": 0.12410210072994232,
    "std": 0.32969802618026733,
    "min": 0.0,
    "max": 1.0
  },
  "fx_ict_ote_dist_705": {
    "mean": -45393248.0,
    "std": 22685231104.0,
    "min": -11336963588096.0,
    "max": 50.48333740234375
  },
  "fx_ict_disp_strength": {
    "mean": 0.5402095317840576,
    "std": 0.9685413241386414,
    "min": 0.0,
    "max": 12.058064460754395
  },
  "fx_ict_confluence_score": {
    "mean": 1.0138298273086548,
    "std": 0.978896975517273,
    "min": 0.0,
    "max": 7.0
  },
  "fx_lw_stretch_up": {
    "mean": 12.315445899963379,
    "std": 13.45694351196289,
    "min": 0.0,
    "max": 452.1000061035156
  },
  "fx_lw_above_stretch": {
    "mean": 0.2577377259731293,
    "std": 0.4373888075351715,
    "min": 0.0,
    "max": 1.0
  },
  "fx_lw_stretch_ratio": {
    "mean": 2.80167818069458,
    "std": 164.97247314453125,
    "min": 0.0,
    "max": 66001.0
  },
  "fx_lw_range_expansion": {
    "mean": 0.9841200113296509,
    "std": 0.49714183807373047,
    "min": 0.0,
    "max": 9.980463981628418
  },
  "fx_lw_nr7": {
    "mean": 0.16328328847885132,
    "std": 0.36962395906448364,
    "min": 0.0,
    "max": 1.0
  },
  "fx_lw_inside_bar": {
    "mean": 0.1337517499923706,
    "std": 0.340385377407074,
    "min": 0.0,
    "max": 1.0
  },
  "fx_lw_wr_5": {
    "mean": -48.76365661621094,
    "std": 30.41038703918457,
    "min": -100.0,
    "max": -0.0
  },
  "fx_lw_wr_28": {
    "mean": -47.730995178222656,
    "std": 29.947153091430664,
    "min": -100.0,
    "max": -0.0
  },
  "fx_lw_wr_aligned_bull": {
    "mean": 0.005583583377301693,
    "std": 0.0745144709944725,
    "min": 0.0,