{
  "fx_vwap_dist_atr": {
    "mean": 0.2936987578868866,
    "std": 5.082455158233643,
    "min": -43.24580383300781,
    "max": 59.6032600402832
  },
  "fx_vwap_zscore": {
    "mean": 0.27610909938812256,
    "std": 11.261880874633789,
    "min": -3253.041015625,
    "max": 2883.249755859375
  },
  "fx_vwap_above": {
    "mean": 0.5136796832084656,
    "std": 0.49981287121772766,
    "min": 0.0,
    "max": 1.0
  },
  "fx_vwap_weekly_dist_atr": {
    "mean": 1.2197192907333374,
    "std": 16.39151954650879,
    "min": -214.12525939941406,
    "max": 143.38685607910156
  },
  "fx_vwap_monthly_dist_atr": {
    "mean": 3.046520948410034,
    "std": 43.36725997924805,
    "min": -1102.4132080078125,
    "max": 771.8460083007812
  },
  "fx_vwap_cross": {
    "mean": 4.004004040325526e-06,
    "std": 0.24548780918121338,
    "min": -1.0,
    "max": 1.0
  },
  "fx_poc_dist_atr": {
    "mean": 0.4359422028064728,
    "std": 8.9476900100708,
    "min": -85.72586059570312,
    "max": 92.64142608642578
  },
  "fx_vah_dist_atr": {
    "mean": 5.590836048126221,
    "std": 8.377815246582031,
    "min": -55.085357666015625,
    "max": 97.00324249267578
  },
  "fx_val_dist_atr": {
    "mean": 5.894246578216553,
    "std": 9.193584442138672,
    "min": -75.3905029296875,
    "max": 122.13751220703125
  },
  "fx_value_area_pos": {
    "mean": 0.4237617254257202,
    "std": 1.4964935779571533,
    "min": -58.665245056152344,
    "max": 22.954235076904297
  },
  "fx_value_area_width_atr": {
    "mean": 11.485082626342773,
    "std": 7.987243175506592,
    "min": 0.14154914021492004,
    "max": 129.9215850830078
  },
  "fx_adx": {
    "mean": 25.49036979675293,
    "std": 11.13830280303955,
    "min": 4.6309685707092285,
    "max": 87.56056213378906
  },
  "fx_plus_di": {
    "mean": 22.62668228149414,
    "std": 8.39926815032959,
    "min": 0.4605756103992462,
    "max": 80.26666259765625
  },
  "fx_minus_di": {
    "mean": 22.773975372314453,
    "std": 8.227360725402832,
    "min": 0.6824743747711182,
    "max": 85.34585571289062
  },
  "fx_di_cross": {
    "mean": 0.0,
    "std": 0.2899518609046936,
    "min": -1.0,
    "max": 1.0
  },
  "fx_orb_break_up": {
    "mean": 0.3922762870788574,
    "std": 0.48825767636299133,
    "min": 0.0,
    "max": 1.0
  },
  "fx_orb_position": {
    "mean": 0.6510915160179138,
    "std": 4.70159387588501,
    "min": -90.10497283935547,
    "max": 56.08064651489258
  },
  "fx_orb_range_atr": {
    "mean": 4.363123893737793,
    "std": 3.9242470264434814,
    "min": 0.0,
    "max": 159.08839416503906
  },
  "fx_ema_9_dist_atr": {
    "mean": 0.009657200425863266,
    "std": 0.9037085175514221,
    "min": -8.15029525756836,
    "max": 8.11795711517334
  },
  "fx_ema_21_dist_atr": {
    "mean": 0.02952912449836731,
    "std": 1.4073283672332764,
    "min": -9.538604736328125,
    "max": 9.636706352233887
  },
  "fx_ema_50_dist_atr": {
    "mean": 0.07819763571023941,
    "std": 2.1443731784820557,
    "min": -10.62738037109375,
    "max": 10.554132461547852
  },
  "fx_ema_200_dist_atr": {
    "mean": 0.2682386338710785,
    "std": 4.677671909332275,
    "min": -23.604467391967773,
    "max": 31.707805633544922
  },
  "fx_ema_fan": {
    "mean": 0.02288288250565529,
    "std": 0.7270470857620239,
    "min": -1.0,
    "max": 1.0
  },
  "fx_rsi_14": {
    "mean": 50.241485595703125,
    "std": 11.078510284423828,
    "min": 4.072237968444824,
    "max": 97.18319702148438
  },
  "fx_rsi_divergence": {
    "mean": 0.0340215340256691,
    "std": 0.275922566652298,
    "min": -0.8550907373428345,
    "max": 6.662063121795654
  },
  "fx_rsi_extreme": {
    "mean": 0.002210210310295224,
    "std": 0.27116167545318604,
    "min": -1.0,
    "max": 1.0
  },
  "fx_macd_hist_atr": {
    "mean": 0.0,
    "std": 0.0,
    "min": 0.0,
    "max": 0.0
  },
  "fx_macd_cross": {
    "mean": 0.0,
    "std": 0.0,
    "min": 0.0,
    "max": 0.0
  },
  "fx_bb_pctb": {
    "mean": 0.5361971855163574,
    "std": 20.21198081970215,
    "min": -3276.25,
    "max": 6554.0
  },
  "fx_atr_14_50_ratio": {
    "mean": 0.9838688969612122,
    "std": 0.1993321180343628,
    "min": 0.1615513414144516,
    "max": 2.5226235389709473
  },
  "fx_ict_trend": {
    "mean": 0.015191190876066685,
    "std": 0.9998846650123596,
    "min": -1.0,
    "max": 1.0
  },
  "fx_ict_choch_recent": {
    "mean": 0.05824824795126915,
    "std": 0.23421230912208557,
    "min": 0.0,
    "max": 1.0
  },
  "fx_ict_bos_momentum": {
    "mean": 0.10364364087581635,
    "std": 5.7701239585876465,
    "min": -20.0,
    "max": 20.0
  },
  "fx_ict_bars_since_choch": {
    "mean": 0.5384323596954346,
    "std": 0.35020312666893005,
    "min": 0.0,
    "max": 1.0
  },
  "fx_ict_sweep_bull": {
    "mean": 0.018646646291017532,
    "std": 0.13527359068393707,
    "min": 0.0,
    "max": 1.0
  },
  "fx_ict_sweep_bear": {
    "mean": 0.01879279315471649,
    "std": 0.1357925832271576,
    "min": 0.0,
    "max": 1.0
  },
  "fx_ict_dist_to_liq_high": {
    "mean": 5079079.5,
    "std": 1396910848.0,
    "min": 0.0,
    "max": 703000018944.0
  },
  "fx_ict_dist_to_liq_low": {
    "mean": 1403403.875,
    "std": 991857984.0,
    "min": 0.0,
    "max": 700999991296.0
  },
  "fx_ict_ob_bull_active": {
    "mean": 0.07707307487726212,
    "std": 0.2667073607444763,
    "min": 0.0,
    "max": 1.0
  },
  "fx_ict_ob_bear_active": {
    "mean": 0.05937938019633293,
    "std": 0.23633337020874023,
    "min": 0.0,
    "max": 1.0
  },
  "fx_ict_ob_in_ote": {
    "mean": 0.002262262161821127,
    "std": 0.047509416937828064,
    "min": 0.0,
    "max": 1.0
  },
  "fx_ict_fvg_bull_count": {
    "mean": 13.608983039855957,
    "std": 11.530640602111816,
    "min": 0.0,
    "max": 74.0
  },
  "fx_ict_fvg_nearest_dist": {
    "mean": -2706706.5,
    "std": 679825152.0,
    "min": -175500001280.0,
    "max": 26.461408615112305
  },
  "fx_ict_fvg_ce_touch": {
    "mean": 0.19285085797309875,
    "std": 0.3945370018482208,
    "min": 0.0,
    "max": 1.0
  },
  "fx_ict_pd_position": {
    "mean": 0.5135077834129333,
    "std": 0.2762259840965271,
    "min": 0.0,
    "max": 1.0
  },
  "fx_ict_in_discount_bull": {
    "mean": 0.13306505978107452,
    "std": 0.3396450877189636,
    "min": 0.0,
    "max": 1.0
  },
  "fx_ict_in_ote_zone": {
    "mean": 0.14084284007549286,
    "std": 0.34785935282707214,
    "min": 0.0,
    "max": 1.0
  },
  "fx_ict_ote_dist_705": {
    "mean": -3348678.75,
    "std": 942331520.0,
    "min": -495614984192.0,
    "max": 36.43656921386719
  },
  "fx_ict_disp_strength": {
    "mean": 0.712601363658905,
    "std": 1.0882298946380615,
    "min": 0.0,
    "max": 13.976510047912598
  },
  "fx_ict_confluence_score": {
    "mean": 1.2939519882202148,
    "std": 1.0946574211120605,
    "min": 0.0,
    "max": 8.0
  },
  "fx_lw_stretch_up": {
    "mean": 53.58113479614258,
    "std": 61.44191360473633,
    "min": 0.0,
    "max": 3372.0
  },
  "fx_lw_above_stretch": {
    "mean": 0.27238237857818604,
    "std": 0.4451856017112732,
    "min": 0.0,
    "max": 1.0
  },
  "fx_lw_stretch_ratio": {
    "mean": 2.5167877674102783,
    "std": 20.994277954101562,
    "min": 0.0,
    "max": 4912.0
  },
  "fx_lw_range_expansion": {
    "mean": 0.9850499629974365,
    "std": 0.4929993450641632,
    "min": 0.0,
    "max": 8.289426803588867
  },
  "fx_lw_nr7": {
    "mean": 0.16062061488628387,
    "std": 0.3671806752681732,
    "min": 0.0,
    "max": 1.0
  },
  "fx_lw_inside_bar": {
    "mean": 0.14884483814239502,
    "std": 0.3559354841709137,
    "min": 0.0,
    "max": 1.0
  },
  "fx_lw_wr_5": {
    "mean": -49.409759521484375,
    "std": 31.033056259155273,
    "min": -100.0,
    "max": -0.0
  },
  "fx_lw_wr_28": {
    "mean": -48.85761642456055,
    "std": 28.307527542114258,
    "min": -100.0,
    "max": -0.0
  },
  "fx_lw_wr_aligned_bull": {
    "mean": 0.006038038060069084,
    "std": 0.07746987789869308,
    "min": 0.0,
    "max": 1.0
  },
  "fx_lw_wr_aligned_bear": {
    "mean": 0.005401401314884424,